SBT59800,SERPENTINE BELT TOOL,2,0083045598053,99.99
L68250,DOUBLE ENDED TRIM HOOK,5,0083045682455,29.99
CC3,ANTI-FREEZE HYDROMETER,4,0089658770800,49.99
CHP4LT,LED LIGHTED HOOK AND PICK SET,4,CHP4LT,89.99
WSC7G,WIRE STRIPPER,7,0613364199718,69.99
AM40QUICKSILVER,"4"" QUICKSILVER FOLDING KNIFE",10,NULL,49.99
DCC020IB,CORDED/CORDLESS AIR INFLATOR,2,0885911532143,299.99
L50550,"FILTER PLIERS 2"" TO 4-1/2""",4,0083045505556,30.99
MCF894,"1/2"" BRUSHLESS MID-TORQUE IMPACT WRENCH",2,885911668804,499.99
L39320,TRANSITION OIL COOLER DISCONNECT SET,5,0083045392255,79.99
HG150,DUAL TEMPATURE HEAT GUN,3,0018139341505,149.99